time	RMSD_R1	RMSD_R2	RMSD_R3
0.0	0.0	0.0	0.0
0.1	2.39	1.11	1.76
0.2	2.11	1.31	1.33
0.3	2.3	1.58	1.8
0.4	2.0	1.81	2.3
0.5	1.94	1.24	2.45
0.6	2.18	2.21	1.73
0.7	2.74	1.55	2.06
0.8	2.51	1.69	1.95
0.9	2.4	1.53	1.51
1.0	3.02	1.74	1.82
1.1	2.3	1.65	2.12
1.2	2.59	1.81	2.15
1.3	2.74	1.61	1.91
1.4	2.75	2.04	2.22
1.5	2.93	2.46	2.0
1.6	3.24	2.67	1.7
1.7	2.73	2.17	2.25
1.8	3.99	2.28	2.65
1.9	3.82	2.02	2.11
2.0	3.86	2.73	2.16
2.1	4.51	1.96	2.16
2.2	3.23	1.99	2.29
2.3	3.73	1.99	1.96
2.4	4.41	2.01	1.74
2.5	4.52	2.16	1.78
2.6	5.95	2.18	2.01
2.7	5.83	2.24	2.18
2.8	6.32	2.35	1.6
2.9	5.61	1.8	2.44
3.0	5.72	1.93	1.87
3.1	4.44	2.0	1.83
3.2	4.83	2.11	1.72
3.3	5.59	2.43	2.09
3.4	5.84	2.62	1.58
3.5	5.41	2.3	1.49
3.6	5.35	3.01	1.63
3.7	5.0	2.79	1.77
3.8	5.28	3.05	1.98
3.9	4.33	2.56	2.44
4.0	4.91	2.36	2.45
4.1	4.61	2.03	2.2
4.2	3.76	2.57	1.8
4.3	3.06	2.39	2.26
4.4	3.26	2.37	2.47
4.5	3.47	2.89	2.46
4.6	3.87	2.96	2.81
4.7	4.77	3.17	2.14
4.8	4.47	3.4	1.94
4.9	5.46	3.45	1.86
5.0	4.46	4.35	2.53
5.1	4.95	4.29	2.27
5.2	5.37	4.4	2.29
5.3	5.28	4.15	2.17
5.4	4.61	4.16	2.26
5.5	3.38	4.7	2.66
5.6	2.87	4.13	2.56
5.7	3.3	3.88	2.24
5.8	3.84	4.22	2.33
5.9	3.18	4.65	2.57
6.0	3.9	4.94	2.33
6.1	4.29	4.62	2.03
6.2	4.88	4.75	1.89
6.3	4.07	4.64	2.69
6.4	4.6	4.62	2.44
6.5	4.88	4.87	2.43
6.6	5.74	4.9	2.65
6.7	4.56	3.57	2.62
6.8	5.15	4.49	2.59
6.9	5.62	4.03	2.31
7.0	5.51	4.43	2.38
7.1	5.47	3.97	2.2
7.2	5.31	4.13	2.72
7.3	5.15	3.98	1.73
7.4	6.28	4.29	2.45
7.5	5.0	4.25	3.01
7.6	4.82	3.94	2.76
7.7	4.46	4.33	2.5
7.8	5.32	3.87	2.94
7.9	5.45	4.08	3.49
8.0	4.04	4.15	2.73
8.1	4.01	4.71	3.12
8.2	4.96	5.1	3.4
8.3	4.6	5.0	3.24
8.4	4.89	4.49	3.11
8.5	4.47	3.87	3.36
8.6	5.16	3.98	4.09
8.7	5.51	4.11	4.44
8.8	5.3	4.23	3.83
8.9	5.29	4.47	5.04
9.0	3.8	4.41	3.81
9.1	3.56	4.23	3.96
9.2	3.85	4.04	4.61
9.3	4.23	4.49	5.85
9.4	4.96	4.4	6.37
9.5	5.2	4.63	6.29
9.6	6.05	4.13	5.29
9.7	6.77	4.62	4.94
9.8	7.48	3.96	4.04
9.9	7.58	4.07	5.38
10.0	7.59	4.53	5.04
10.1	6.36	4.32	5.75
10.2	7.24	5.52	4.88
10.3	6.04	4.83	6.25
10.4	6.18	4.98	5.91
10.5	6.91	5.23	5.31
10.6	6.58	4.3	6.26
10.7	6.33	4.78	6.85
10.8	5.4	5.18	6.33
10.9	5.9	4.78	5.76
11.0	4.72	4.11	5.75
11.1	5.29	3.93	6.25
11.2	5.24	4.05	6.33
11.3	5.22	3.88	6.08
11.4	5.94	3.88	6.56
11.5	6.49	4.37	6.27
11.6	7.28	4.1	6.84
11.7	8.29	4.69	7.58
11.8	7.32	3.62	8.15
11.9	7.91	4.57	7.3
12.0	7.8	4.5	7.65
12.1	8.41	4.4	6.8
12.2	8.65	4.11	7.06
12.3	10.05	4.3	8.47
12.4	9.57	4.76	8.32
12.5	8.81	4.77	8.23
12.6	7.45	4.87	7.63
12.7	7.37	5.72	8.01
12.8	6.58	5.6	7.18
12.9	5.58	5.65	7.17
13.0	5.34	5.97	7.11
13.1	4.67	5.82	7.6
13.2	4.65	4.78	7.01
13.3	4.68	4.73	6.85
13.4	4.77	4.67	6.7
13.5	4.97	4.33	6.62
13.6	5.69	4.98	6.58
13.7	5.55	4.39	8.39
13.8	5.21	4.53	8.74
13.9	4.98	4.74	8.34
14.0	5.52	4.88	7.87
14.1	6.07	4.96	7.78
14.2	6.6	4.97	7.53
14.3	5.78	5.55	7.66
14.4	6.43	5.57	6.44
14.5	6.09	4.45	6.96
14.6	6.6	4.38	5.55
14.7	6.99	5.53	5.5
14.8	7.0	4.94	7.45
14.9	6.39	4.92	8.02
15.0	6.4	5.27	7.64
15.1	6.31	4.99	6.76
15.2	6.93	4.62	7.57
15.3	7.25	5.16	8.15
15.4	8.68	4.78	8.18
15.5	8.58	4.8	7.95
15.6	8.93	5.69	8.11
15.7	7.13	4.92	7.9
15.8	6.1	5.19	7.76
15.9	5.89	5.22	8.63
16.0	6.59	5.91	7.59
16.1	6.48	6.65	8.02
16.2	6.29	6.97	9.12
16.3	5.3	6.79	8.5
16.4	5.27	5.86	8.8
16.5	5.01	5.38	9.21
16.6	5.07	4.95	9.53
16.7	4.19	5.1	9.52
16.8	4.68	5.59	9.51
16.9	5.45	4.77	9.11
17.0	4.79	5.16	8.85
17.1	6.17	4.85	8.98
17.2	5.68	4.96	7.98
17.3	5.67	4.88	8.06
17.4	5.89	5.15	7.29
17.5	6.11	4.75	7.34
17.6	6.26	4.89	8.11
17.7	6.63	4.97	7.04
17.8	7.69	4.52	7.13
17.9	7.36	5.43	7.14
18.0	7.01	6.02	7.18
18.1	7.46	4.56	7.58
18.2	6.99	4.83	7.6
18.3	6.93	4.98	8.36
18.4	7.62	4.75	8.13
18.5	7.67	5.69	8.1
18.6	7.2	4.59	8.0
18.7	7.69	5.08	7.43
18.8	7.52	4.89	7.99
18.9	7.29	3.91	6.97
19.0	7.93	4.72	7.11
19.1	6.85	4.4	7.92
19.2	6.66	4.29	6.8
19.3	6.98	4.66	7.03
19.4	5.87	5.1	7.31
19.5	6.16	5.11	6.03
19.6	6.35	4.81	6.69
19.7	5.94	4.43	5.65
19.8	4.66	5.06	6.02
19.9	5.29	4.4	5.44
20.0	4.99	4.54	5.35
20.1	4.19	4.54	4.81
20.2	4.96	4.57	5.1
20.3	4.72	3.5	4.7
20.4	4.36	4.21	3.62
20.5	4.28	3.87	3.31
20.6	4.73	4.27	3.06
20.7	5.38	3.47	3.49
20.8	6.91	3.56	4.48
20.9	7.53	3.44	4.28
21.0	7.19	4.04	4.08
21.1	5.84	4.18	4.55
21.2	6.35	3.82	5.51
21.3	5.82	3.85	5.8
21.4	6.15	3.79	5.13
21.5	5.49	4.14	4.64
21.6	6.35	3.92	4.46
21.7	5.53	4.55	5.03
21.8	6.38	5.18	5.14
21.9	5.79	5.79	5.09
22.0	5.58	5.38	5.06
22.1	6.58	5.49	5.44
22.2	5.94	4.78	5.57
22.3	5.65	5.09	5.39
22.4	5.68	4.7	4.46
22.5	6.49	5.08	5.66
22.6	5.64	4.01	4.92
22.7	5.34	4.52	5.43
22.8	5.57	4.51	6.23
22.9	5.44	4.43	6.92
23.0	5.33	4.54	6.52
23.1	5.49	4.95	5.93
23.2	6.33	4.75	6.63
23.3	6.28	4.39	6.02
23.4	6.59	4.3	6.47
23.5	5.28	4.0	6.92
23.6	5.89	4.31	6.88
23.7	4.63	5.13	6.69
23.8	4.89	4.65	7.42
23.9	5.07	4.46	6.76
24.0	5.48	4.92	7.3
24.1	6.71	4.77	6.76
24.2	7.71	4.64	7.01
24.3	8.25	4.25	6.58
24.4	8.38	4.4	5.61
24.5	8.13	4.97	5.65
24.6	7.87	4.76	5.42
24.7	7.3	4.49	4.91
24.8	6.26	4.02	5.71
24.9	6.96	4.59	5.51
25.0	6.96	4.21	5.62
25.1	7.41	5.18	6.04
25.2	8.02	4.75	5.12
25.3	7.54	4.48	5.74
25.4	5.42	4.56	6.26
25.5	6.75	5.17	5.7
25.6	6.09	4.73	5.97
25.7	6.45	4.47	5.64
25.8	7.59	4.09	5.87
25.9	8.04	4.29	5.82
26.0	7.48	4.41	6.28
26.1	8.03	4.76	6.52
26.2	8.31	5.89	6.93
26.3	6.28	4.45	6.33
26.4	6.63	4.73	5.7
26.5	6.26	4.85	5.74
26.6	6.31	4.86	5.97
26.7	6.07	4.92	6.88
26.8	5.56	4.53	5.95
26.9	5.19	5.13	6.17
27.0	5.79	4.85	6.41
27.1	5.92	5.09	6.02
27.2	5.91	5.34	5.85
27.3	5.67	5.0	5.63
27.4	7.1	5.05	6.4
27.5	6.61	5.91	6.39
27.6	6.11	5.81	7.29
27.7	5.93	6.05	5.89
27.8	6.38	5.87	7.03
27.9	6.57	4.97	6.82
28.0	5.48	5.51	7.55
28.1	5.33	4.68	7.2
28.2	5.42	4.38	7.13
28.3	5.47	4.79	7.33
28.4	5.18	4.15	6.68
28.5	6.23	4.68	6.55
28.6	6.35	4.53	6.52
28.7	5.87	5.46	6.71
28.8	5.95	4.61	5.94
28.9	6.8	4.79	5.38
29.0	6.72	4.95	6.1
29.1	5.79	4.63	6.02
29.2	6.16	4.9	5.81
29.3	5.79	5.64	5.78
29.4	6.15	4.87	5.52
29.5	6.14	4.73	5.09
29.6	7.17	4.36	4.4
29.7	8.07	3.96	4.74
29.8	7.59	4.3	5.19
29.9	7.57	4.64	4.8
30.0	7.69	4.57	4.84
30.1	7.24	4.36	5.68
30.2	7.97	4.37	5.65
30.3	7.17	4.64	5.74
30.4	8.03	5.01	4.57
30.5	7.5	5.64	4.87
30.6	7.51	5.23	5.06
30.7	6.58	4.93	5.3
30.8	7.34	4.45	4.09
30.9	7.43	4.86	4.46
31.0	6.86	4.81	6.16
31.1	6.35	5.27	6.41
31.2	7.06	5.08	5.92
31.3	7.46	4.44	6.39
31.4	7.26	4.7	4.97
31.5	7.05	4.68	5.02
31.6	7.77	5.18	5.4
31.7	7.89	5.03	6.32
31.8	7.64	5.24	6.26
31.9	7.07	5.01	6.09
32.0	6.76	4.73	6.54
32.1	6.7	4.43	6.37
32.2	6.84	4.6	5.91
32.3	6.27	4.9	5.87
32.4	5.52	5.41	7.69
32.5	6.68	5.69	6.95
32.6	7.05	6.22	6.41
32.7	6.76	6.14	7.27
32.8	7.71	6.76	6.89
32.9	8.11	6.07	7.61
33.0	8.04	6.3	7.24
33.1	7.48	5.69	7.32
33.2	7.41	5.35	7.23
33.3	7.64	5.13	7.56
33.4	7.66	4.16	6.52
33.5	7.83	4.38	6.04
33.6	8.39	3.67	6.87
33.7	7.77	4.77	7.08
33.8	8.1	4.45	6.98
33.9	8.06	4.44	7.17
34.0	6.87	4.24	7.15
34.1	7.07	4.41	5.85
34.2	6.45	4.44	5.03
34.3	6.51	4.46	4.99
34.4	6.19	4.91	4.51
34.5	5.54	4.48	4.71
34.6	5.41	4.93	5.2
34.7	5.4	4.42	4.71
34.8	6.42	5.23	4.38
34.9	6.27	5.31	4.37
35.0	7.63	5.19	5.24
35.1	8.08	5.13	4.42
35.2	7.2	5.0	4.35
35.3	6.48	5.53	4.96
35.4	6.8	6.02	4.04
35.5	6.54	5.99	4.03
35.6	6.52	6.89	4.6
35.7	6.83	6.41	5.18
35.8	6.43	5.58	5.1
35.9	5.98	6.13	5.19
36.0	6.6	6.49	5.29
36.1	6.61	5.37	5.72
36.2	6.06	5.01	6.03
36.3	6.87	4.94	6.14
36.4	5.98	5.41	5.11
36.5	5.81	5.3	4.72
36.6	6.6	5.19	4.99
36.7	7.04	4.9	4.43
36.8	7.09	4.23	4.21
36.9	7.56	4.72	4.27
37.0	8.6	5.24	4.12
37.1	8.36	4.95	5.12
37.2	8.14	5.51	5.3
37.3	8.89	5.82	4.52
37.4	9.27	5.64	4.33
37.5	8.52	5.23	4.74
37.6	8.51	5.39	5.28
37.7	8.14	5.23	5.8
37.8	9.22	5.98	5.71
37.9	7.71	5.5	5.64
38.0	8.52	5.31	5.47
38.1	9.02	5.61	6.29
38.2	7.64	6.01	6.3
38.3	6.99	5.43	6.21
38.4	6.98	4.94	6.07
38.5	6.47	4.26	5.16
38.6	5.99	5.09	5.31
38.7	6.79	4.7	6.02
38.8	6.01	4.8	6.35
38.9	5.92	4.89	5.39
39.0	6.27	4.88	6.66
39.1	6.65	4.99	6.46
39.2	6.23	5.45	6.22
39.3	6.32	4.76	6.11
39.4	6.89	3.93	6.21
39.5	6.24	4.43	5.74
39.6	6.41	4.57	6.76
39.7	7.45	4.23	6.62
39.8	6.71	4.51	6.3
39.9	7.04	5.01	7.32
40.0	6.82	4.65	8.16
40.1	7.03	4.96	7.97
40.2	7.17	4.97	7.15
40.3	7.27	4.97	6.86
40.4	7.08	4.35	6.63
40.5	6.81	5.15	7.08
40.6	6.18	4.89	7.33
40.7	6.51	4.41	7.73
40.8	6.69	4.88	7.87
40.9	6.29	4.71	8.32
41.0	6.14	5.3	8.26
41.1	5.99	5.08	8.61
41.2	6.06	5.47	8.46
41.3	6.14	5.0	8.33
41.4	6.06	4.75	8.12
41.5	5.53	4.68	7.97
41.6	5.41	4.92	7.18
41.7	5.59	5.01	6.65
41.8	6.72	5.0	7.46
41.9	6.8	4.88	7.48
42.0	6.63	5.77	6.57
42.1	6.17	5.3	6.05
42.2	7.17	5.52	6.44
42.3	6.67	5.51	7.18
42.4	5.46	6.16	6.91
42.5	5.9	6.02	6.41
42.6	6.15	5.11	6.47
42.7	6.69	4.74	5.54
42.8	5.67	5.67	4.82
42.9	7.01	5.38	4.61
43.0	6.29	5.52	4.67
43.1	5.47	5.76	5.49
43.2	5.51	5.98	5.08
43.3	5.4	5.01	5.5
43.4	5.77	4.49	6.29
43.5	5.71	5.07	5.08
43.6	6.68	4.93	5.41
43.7	6.59	5.41	5.67
43.8	6.72	5.01	5.4
43.9	6.15	5.4	5.06
44.0	6.78	5.2	4.94
44.1	7.58	5.19	6.3
44.2	8.09	5.2	7.34
44.3	8.02	5.17	7.14
44.4	8.99	4.98	7.55
44.5	8.32	4.63	8.27
44.6	8.32	4.89	6.6
44.7	7.15	5.23	7.75
44.8	7.9	4.94	6.89
44.9	8.9	5.29	6.99
45.0	8.27	4.99	7.46
45.1	7.59	5.17	7.94
45.2	7.19	5.5	7.35
45.3	7.11	5.53	6.18
45.4	7.1	5.62	7.46
45.5	7.17	5.45	7.48
45.6	7.1	5.67	7.28
45.7	7.49	5.83	6.51
45.8	6.97	5.59	6.13
45.9	6.8	5.7	5.82
46.0	7.0	5.57	5.47
46.1	7.25	5.5	4.95
46.2	7.98	5.28	5.44
46.3	7.92	5.98	5.0
46.4	8.01	5.61	5.78
46.5	7.53	5.5	6.35
46.6	8.34	5.6	6.4
46.7	7.38	6.33	7.06
46.8	7.13	5.33	8.01
46.9	6.28	6.27	7.55
47.0	6.67	6.2	7.89
47.1	6.79	5.4	8.36
47.2	7.5	5.25	8.69
47.3	8.26	4.64	8.63
47.4	6.99	4.75	7.55
47.5	7.72	4.21	6.88
47.6	7.03	4.7	7.54
47.7	7.88	4.86	8.09
47.8	8.29	5.21	8.64
47.9	7.8	4.87	8.89
48.0	8.5	4.79	7.77
48.1	7.98	4.76	8.53
48.2	7.58	5.08	8.29
48.3	7.1	4.88	7.81
48.4	8.2	4.98	8.2
48.5	8.64	5.05	5.87
48.6	7.7	4.4	5.02
48.7	8.7	4.66	4.34
48.8	8.63	5.11	5.24
48.9	7.86	5.08	5.37
49.0	7.24	5.06	4.8
49.1	8.24	5.21	4.74
49.2	8.59	4.94	4.93
49.3	8.72	4.83	5.14
49.4	8.26	5.35	5.74
49.5	9.05	5.21	5.44
49.6	8.99	4.96	5.59
49.7	9.2	5.07	5.59
49.8	8.28	5.43	5.29
49.9	8.91	5.32	6.46
50.0	9.49	5.7	5.37
50.1	8.9	5.41	5.43
50.2	9.4	5.76	5.04
50.3	8.51	5.46	5.0
50.4	9.21	5.26	5.13
50.5	8.78	5.85	5.07
50.6	8.73	5.65	5.03
50.7	8.76	4.95	4.82
50.8	7.8	5.12	6.09
50.9	6.71	5.29	4.3
51.0	6.97	5.32	4.65
51.1	6.48	4.62	5.43
51.2	6.23	5.29	5.51
51.3	6.23	5.6	6.38
51.4	6.26	6.29	6.42
51.5	6.45	5.23	5.81
51.6	5.67	5.4	4.35
51.7	5.83	4.89	4.35
51.8	5.67	5.39	5.43
51.9	5.16	5.21	4.85
52.0	5.72	5.17	5.6
52.1	6.23	5.45	5.57
52.2	5.97	5.43	5.33
52.3	5.46	5.02	4.35
52.4	5.55	4.71	4.55
52.5	5.89	5.11	3.36
52.6	7.57	5.06	4.49
52.7	8.62	5.25	4.16
52.8	8.61	4.85	4.37
52.9	8.19	4.98	4.18
53.0	7.69	5.25	3.29
53.1	7.54	5.22	3.34
53.2	7.64	4.85	2.64
53.3	7.45	5.09	2.77
53.4	7.81	4.63	2.86
53.5	10.1	4.74	2.09
53.6	9.38	5.38	2.48
53.7	8.92	4.57	3.08
53.8	8.93	4.32	3.01
53.9	10.04	4.08	2.37
54.0	10.1	4.23	1.7
54.1	10.21	4.12	2.38
54.2	11.18	5.08	2.2
54.3	10.03	5.18	1.6
54.4	10.43	4.72	1.78
54.5	10.02	4.55	1.86
54.6	8.87	4.53	1.93
54.7	9.48	4.62	1.92
54.8	9.02	3.93	2.33
54.9	8.64	3.55	2.35
55.0	8.09	4.23	2.6
55.1	8.58	4.09	2.33
55.2	8.35	4.13	2.41
55.3	8.96	4.32	1.92
55.4	9.14	4.33	2.8
55.5	9.33	4.26	2.4
55.6	10.35	4.44	2.52
55.7	10.4	3.77	2.62
55.8	10.4	3.25	3.2
55.9	10.83	4.4	3.24
56.0	11.43	4.12	3.27
56.1	11.71	4.3	2.14
56.2	12.68	4.95	2.48
56.3	13.17	4.68	2.87
56.4	12.2	4.53	2.95
56.5	12.98	4.52	2.66
56.6	12.96	3.86	2.77
56.7	13.26	4.4	2.19
56.8	13.36	4.5	2.29
56.9	12.54	4.37	2.54
57.0	12.62	4.74	2.44
57.1	13.42	4.53	2.68
57.2	12.08	4.01	2.4
57.3	12.12	4.92	2.61
57.4	11.36	4.41	2.28
57.5	11.35	4.83	2.14
57.6	12.13	5.06	2.03
57.7	12.85	4.27	2.3
57.8	11.45	4.89	2.5
57.9	11.46	5.25	2.87
58.0	10.49	5.05	2.86
58.1	10.92	5.36	3.29
58.2	10.63	5.21	3.23
58.3	10.43	4.85	4.44
58.4	10.38	5.21	3.51
58.5	9.89	5.18	2.87
58.6	10.91	4.99	2.96
58.7	11.23	3.87	3.08
58.8	10.67	4.97	3.2
58.9	11.62	5.68	3.45
59.0	11.56	5.22	3.19
59.1	12.36	5.02	3.31
59.2	12.48	4.85	3.22
59.3	11.84	5.25	2.81
59.4	11.29	4.35	2.52
59.5	10.61	4.76	2.47
59.6	9.93	5.17	2.59
59.7	11.02	4.55	2.63
59.8	11.98	4.74	3.22
59.9	12.0	4.61	2.9
60.0	11.17	4.85	4.54
60.1	11.23	4.35	4.05
60.2	11.77	3.92	3.57
60.3	12.24	4.34	3.62
60.4	11.59	4.28	2.81
60.5	11.39	4.91	2.73
60.6	10.98	4.41	2.68
60.7	10.31	4.58	2.38
60.8	10.15	4.3	2.88
60.9	9.84	4.01	2.82
61.0	10.17	3.75	2.75
61.1	10.82	4.12	2.7
61.2	11.08	4.15	2.49
61.3	10.16	4.06	2.48
61.4	9.17	4.22	2.78
61.5	10.86	4.02	2.64
61.6	10.76	3.3	2.47
61.7	10.59	3.71	2.84
61.8	10.18	4.25	2.83
61.9	10.96	4.36	2.92
62.0	10.02	4.3	2.43
62.1	11.56	4.77	2.9
62.2	11.22	4.8	3.41
62.3	12.13	4.9	3.19
62.4	11.28	5.31	3.43
62.5	11.71	4.97	3.39
62.6	11.61	4.49	3.38
62.7	12.06	4.49	3.19
62.8	12.09	4.46	3.65
62.9	11.52	4.85	3.77
63.0	10.83	4.74	3.94
63.1	11.3	4.47	4.07
63.2	10.67	4.74	4.07
63.3	10.85	4.88	3.85
63.4	11.13	5.32	4.4
63.5	10.72	5.26	4.25
63.6	10.89	4.81	3.99
63.7	10.75	4.91	3.85
63.8	10.28	4.96	3.88
63.9	9.77	5.17	3.77
64.0	8.72	5.12	3.94
64.1	9.85	4.96	4.22
64.2	9.88	4.85	4.46
64.3	9.15	4.76	4.56
64.4	9.48	4.76	4.67
64.5	9.74	5.45	4.14
64.6	9.7	5.05	4.33
64.7	9.69	5.8	4.95
64.8	9.4	5.66	5.16
64.9	9.1	5.2	4.43
65.0	8.58	4.18	4.76
65.1	8.51	4.34	4.51
65.2	8.05	4.13	4.2
65.3	7.36	4.89	4.43
65.4	5.81	5.39	4.06
65.5	7.43	5.85	4.41
65.6	9.21	5.57	4.22
65.7	9.78	4.77	3.85
65.8	8.37	5.28	3.72
65.9	8.82	5.44	4.85
66.0	9.38	5.1	4.55
66.1	8.91	5.13	4.76
66.2	9.49	4.41	5.2
66.3	8.51	4.46	4.78
66.4	8.53	5.05	4.73
66.5	9.11	4.59	4.89
66.6	9.0	4.76	4.87
66.7	9.4	4.81	4.36
66.8	10.9	4.32	5.14
66.9	10.88	4.37	5.46
67.0	11.45	4.9	5.24
67.1	11.03	4.86	5.34
67.2	9.92	4.87	5.88
67.3	10.61	4.85	6.23
67.4	9.49	4.84	6.07
67.5	9.94	4.1	5.96
67.6	10.04	3.76	5.79
67.7	9.94	4.15	6.95
67.8	10.26	4.75	6.87
67.9	9.77	4.66	6.32
68.0	10.23	5.06	6.19
68.1	10.94	4.69	6.21
68.2	10.8	4.59	6.51
68.3	10.31	5.07	7.21
68.4	11.34	4.48	6.82
68.5	11.13	4.4	6.87
68.6	11.75	4.68	6.83
68.7	11.45	4.68	6.26
68.8	11.13	4.49	5.99
68.9	11.56	4.28	5.74
69.0	10.96	4.65	5.22
69.1	11.58	4.73	5.57
69.2	11.17	5.15	5.26
69.3	11.81	4.91	5.5
69.4	12.16	5.14	5.43
69.5	12.93	4.43	5.68
69.6	12.43	4.06	5.4
69.7	12.47	4.04	5.94
69.8	12.25	4.32	6.09
69.9	12.52	3.84	6.88
70.0	12.59	3.53	7.29
70.1	12.6	3.57	6.45
70.2	12.28	3.85	6.91
70.3	11.89	4.12	5.92
70.4	11.15	4.49	5.66
70.5	11.57	4.45	5.9
70.6	10.57	4.14	6.0
70.7	9.77	4.56	6.37
70.8	9.53	4.99	6.11
70.9	10.08	5.05	6.6
71.0	11.1	4.63	6.59
71.1	11.52	4.71	7.1
71.2	11.25	5.25	6.78
71.3	10.2	5.17	6.3
71.4	10.46	5.2	5.94
71.5	10.79	4.88	6.33
71.6	11.29	4.54	6.91
71.7	11.57	5.21	7.29
71.8	11.72	4.49	6.73
71.9	11.72	5.0	6.98
72.0	10.48	5.26	6.67
72.1	10.14	5.11	6.43
72.2	10.57	5.09	6.37
72.3	11.23	5.19	6.49
72.4	11.78	4.45	6.63
72.5	12.31	4.14	5.3
72.6	11.6	5.01	5.11
72.7	11.6	4.63	5.93
72.8	10.56	4.72	5.67
72.9	10.09	4.99	4.57
73.0	10.23	4.76	5.25
73.1	9.59	4.21	5.79
73.2	9.81	3.97	6.08
73.3	9.57	3.83	5.36
73.4	10.21	4.19	5.93
73.5	9.8	4.92	5.69
73.6	10.36	4.95	5.94
73.7	10.58	5.45	5.85
73.8	10.69	5.55	5.83
73.9	10.93	5.51	6.11
74.0	11.29	4.49	6.44
74.1	11.61	4.31	5.11
74.2	11.24	5.16	5.16
74.3	11.2	4.67	5.31
74.4	10.52	4.78	5.72
74.5	10.34	4.16	5.48
74.6	10.53	4.21	5.63
74.7	10.52	4.97	5.73
74.8	10.14	4.69	6.01
74.9	10.57	4.57	6.12
75.0	10.41	4.93	7.62
75.1	9.91	5.15	6.7
75.2	10.86	5.06	6.93
75.3	11.13	4.62	6.26
75.4	11.26	4.69	6.7
75.5	12.57	4.41	5.28
75.6	11.69	4.32	6.18
75.7	11.91	4.12	6.22
75.8	11.48	3.95	7.06
75.9	10.91	4.32	6.74
76.0	11.15	4.72	5.67
76.1	11.23	4.42	5.57
76.2	11.49	4.92	6.05
76.3	11.36	4.4	6.31
76.4	11.53	4.07	5.8
76.5	11.86	4.29	6.02
76.6	11.2	4.49	6.43
76.7	11.69	4.66	6.09
76.8	12.21	4.9	6.2
76.9	12.88	4.76	6.29
77.0	12.26	4.74	5.8
77.1	12.97	4.67	5.94
77.2	11.81	5.47	6.49
77.3	11.76	4.6	5.78
77.4	12.4	4.69	6.33
77.5	12.57	4.96	5.98
77.6	11.93	4.56	5.74
77.7	11.38	5.29	5.1
77.8	9.69	4.91	5.49
77.9	9.34	5.2	6.49
78.0	8.96	4.8	6.72
78.1	9.0	4.4	5.89
78.2	7.83	4.73	4.95
78.3	8.62	5.27	5.63
78.4	10.08	4.57	5.88
78.5	9.22	4.26	6.14
78.6	9.95	4.69	5.51
78.7	9.61	4.7	4.44
78.8	9.35	4.99	4.44
78.9	8.49	5.2	5.58
79.0	9.21	5.19	5.34
79.1	9.79	5.31	4.94
79.2	10.12	4.94	4.52
79.3	9.96	4.59	5.15
79.4	9.49	5.16	4.39
79.5	8.53	4.74	3.64
79.6	9.62	4.12	3.63
79.7	9.2	4.71	3.55
79.8	10.25	4.35	3.53
79.9	9.73	4.25	3.66
80.0	9.37	4.4	3.89
80.1	9.64	4.47	3.18
80.2	9.53	4.72	3.03
80.3	9.81	4.48	3.49
80.4	9.26	4.35	2.9
80.5	9.18	4.03	3.19
80.6	9.26	4.21	3.53
80.7	10.29	4.14	3.54
80.8	10.28	4.4	3.41
80.9	10.81	4.15	2.42
81.0	9.9	3.88	2.76
81.1	10.47	4.34	3.31
81.2	9.9	4.05	2.69
81.3	10.45	3.9	3.1
81.4	10.76	3.55	2.9
81.5	11.24	3.44	2.73
81.6	11.94	3.07	3.47
81.7	11.19	3.29	3.43
81.8	10.55	3.76	2.31
81.9	12.03	3.65	2.39
82.0	11.37	3.44	2.46
82.1	11.57	3.44	2.51
82.2	10.19	3.14	2.69
82.3	10.44	3.6	2.7
82.4	10.44	3.86	2.52
82.5	10.11	3.7	3.32
82.6	9.91	3.73	3.05
82.7	10.18	3.72	2.52
82.8	9.99	3.39	2.61
82.9	10.71	4.24	2.67
83.0	10.47	3.53	2.31
83.1	10.44	3.55	3.11
83.2	10.36	3.94	2.88
83.3	10.42	4.48	2.89
83.4	10.66	3.92	2.12
83.5	11.0	3.69	2.77
83.6	10.64	3.69	2.39
83.7	10.41	4.34	2.3
83.8	10.85	4.04	2.29
83.9	10.72	4.46	2.27
84.0	10.56	4.27	2.62
84.1	10.0	4.76	2.7
84.2	10.25	3.88	2.49
84.3	9.97	3.28	2.4
84.4	10.48	2.93	2.5
84.5	11.05	3.79	3.08
84.6	10.37	3.05	2.22
84.7	10.29	3.69	1.77
84.8	9.96	3.64	2.8
84.9	11.06	3.75	2.78
85.0	11.57	4.3	2.48
85.1	11.47	3.66	2.64
85.2	10.97	3.73	2.73
85.3	11.29	3.86	2.44
85.4	11.34	4.31	2.42
85.5	10.97	3.31	1.82
85.6	11.38	3.61	2.52
85.7	11.24	4.39	3.07
85.8	11.41	3.21	2.84
85.9	11.19	4.21	2.68
86.0	9.98	4.14	2.17
86.1	10.46	3.81	1.69
86.2	10.05	3.72	2.17
86.3	11.23	3.65	2.19
86.4	11.93	4.2	2.28
86.5	10.88	4.17	3.44
86.6	11.04	4.04	3.22
86.7	11.7	3.66	2.82
86.8	11.91	3.54	2.52
86.9	11.98	3.43	2.65
87.0	12.41	3.4	2.7
87.1	12.66	3.48	3.33
87.2	12.4	3.53	3.77
87.3	12.68	3.64	3.8
87.4	12.74	3.89	3.49
87.5	12.87	4.38	3.3
87.6	13.28	4.2	3.32
87.7	13.31	4.26	2.94
87.8	12.96	3.73	3.15
87.9	13.31	3.84	4.24
88.0	13.31	3.77	3.39
88.1	13.59	3.68	3.44
88.2	12.16	4.62	3.16
88.3	12.63	3.27	3.23
88.4	12.34	3.3	3.58
88.5	12.49	3.51	3.67
88.6	12.3	2.84	3.98
88.7	12.28	2.46	3.57
88.8	12.85	2.55	3.43
88.9	12.88	2.75	3.41
89.0	12.96	3.03	3.6
89.1	12.27	3.91	3.64
89.2	12.65	4.36	2.7
89.3	12.92	4.2	2.74
89.4	12.75	3.74	3.96
89.5	12.76	3.48	3.9
89.6	12.72	3.6	3.44
89.7	12.91	3.74	3.53
89.8	12.96	3.78	4.04
89.9	12.46	4.41	3.89
90.0	13.25	4.15	2.39
90.1	13.17	3.79	2.68
90.2	12.79	4.36	2.56
90.3	12.86	4.49	2.81
90.4	12.94	3.48	3.56
90.5	12.57	4.36	3.72
90.6	12.98	4.27	4.64
90.7	12.6	3.74	5.34
90.8	12.85	3.68	5.7
90.9	12.81	3.65	4.97
91.0	12.91	4.0	4.34
91.1	12.57	3.81	4.06
91.2	12.75	3.71	3.79
91.3	12.76	3.57	2.95
91.4	13.28	4.07	2.33
91.5	13.31	3.67	2.72
91.6	13.24	3.56	2.65
91.7	12.99	3.73	3.17
91.8	12.46	3.53	2.37
91.9	12.44	3.22	2.07
92.0	12.68	3.07	2.69
92.1	12.15	3.26	2.32
92.2	11.86	2.77	1.83
92.3	11.47	3.06	1.77
92.4	11.22	2.52	2.75
92.5	11.14	3.01	2.88
92.6	11.53	3.99	3.08
92.7	11.28	4.58	2.39
92.8	11.13	3.94	2.64
92.9	11.2	3.62	2.74
93.0	10.96	3.22	2.58
93.1	10.34	2.78	1.89
93.2	10.71	3.0	1.93
93.3	11.03	2.96	1.62
93.4	10.77	2.78	2.4
93.5	11.25	2.89	2.12
93.6	11.82	3.06	2.94
93.7	11.63	2.65	1.96
93.8	11.51	2.78	2.95
93.9	11.68	2.83	2.98
94.0	12.01	3.41	2.48
94.1	11.83	2.91	2.23
94.2	11.79	3.6	2.62
94.3	12.34	4.01	2.5
94.4	12.53	4.07	2.3
94.5	12.01	3.92	2.35
94.6	12.61	3.88	2.46
94.7	12.56	3.42	2.34
94.8	13.06	3.48	1.95
94.9	13.51	3.63	1.99
95.0	13.18	3.44	2.84
95.1	13.66	4.05	2.87
95.2	12.96	3.93	2.99
95.3	12.92	3.77	3.0
95.4	12.37	3.72	2.01
95.5	12.98	3.86	2.14
95.6	11.72	3.52	2.27
95.7	11.67	3.61	3.28
95.8	12.01	3.65	3.45
95.9	11.6	4.26	4.23
96.0	12.16	4.5	4.56
96.1	12.07	4.66	5.1
96.2	12.81	4.94	4.97
96.3	12.29	5.16	4.16
96.4	12.61	3.36	4.05
96.5	12.56	3.45	3.18
96.6	12.59	3.36	3.49
96.7	11.99	4.12	3.54
96.8	11.87	4.6	4.39
96.9	12.05	4.6	3.73
97.0	11.72	4.57	3.52
97.1	11.89	4.39	3.63
97.2	11.46	4.15	3.28
97.3	11.59	4.26	3.18
97.4	11.41	4.44	3.2
97.5	11.71	5.26	3.33
97.6	11.42	5.69	3.53
97.7	11.77	5.58	3.16
97.8	12.2	5.29	3.21
97.9	12.38	4.45	3.29
98.0	11.84	5.24	4.14
98.1	12.15	4.97	4.62
98.2	12.77	4.36	5.16
98.3	11.75	4.81	5.32
98.4	12.26	4.5	5.12
98.5	12.24	5.31	4.72
98.6	11.97	4.36	4.37
98.7	12.38	4.39	4.89
98.8	11.88	4.86	5.22
98.9	11.47	4.79	5.31
99.0	11.38	4.52	5.41
99.1	10.74	3.32	5.51
99.2	11.37	3.9	6.03
99.3	11.16	4.05	6.51
99.4	11.04	4.29	6.28
99.5	12.03	4.36	6.4
99.6	11.42	4.67	5.74
99.7	11.57	4.42	5.49
99.8	11.62	4.26	5.69
99.9	11.66	4.67	5.11
100.0	11.22	4.25	6.09
