seq	pLDDT
G	92.62
S	97.36
H	98.65
S	98.74
M	98.85
R	98.78
Y	98.85
F	98.84
H	98.75
T	98.86
S	98.83
V	98.71
S	98.44
R	97.6
P	97.09
G	96.02
R	96.96
G	95.76
E	96.87
P	98.24
R	98.61
F	98.81
I	98.81
T	98.8
V	98.84
G	98.8
Y	98.85
V	98.78
D	98.55
D	98.39
T	98.59
L	98.6
F	98.7
V	98.76
R	98.75
F	98.82
D	98.71
S	98.47
D	98.25
A	97.86
A	97.25
S	96.44
P	97.78
R	98.39
E	98.37
E	98.49
P	98.47
R	98.38
A	98.06
P	97.9
W	97.85
I	98.08
E	97.58
Q	96.73
E	97.5
G	97.39
P	97.63
E	97.78
Y	98.19
W	98.46
D	98.41
R	98.29
E	98.38
T	98.6
Q	98.54
I	98.19
C	98.49
K	98.49
A	98.59
K	98.52
A	98.49
Q	98.51
T	98.45
D	98.11
R	98.26
E	98.47
D	98.41
L	98.55
R	98.23
T	98.31
L	98.42
L	98.28
R	98.2
Y	98.15
Y	98.04
N	97.59
Q	97.58
S	96.16
E	95.44
A	95.3
G	95.87
S	98.13
H	98.61
T	98.74
L	98.82
Q	98.83
N	98.77
M	98.73
Y	98.7
G	98.7
C	98.78
D	98.7
V	98.58
G	97.85
P	96.52
D	95.73
G	94.73
R	97.25
L	98.2
L	98.26
R	98.35
G	98.56
Y	98.69
H	98.76
Q	98.77
H	98.8
A	98.83
Y	98.78
D	98.52
G	97.88
K	98.55
D	98.63
Y	98.74
I	98.71
A	98.79
L	98.78
N	98.63
E	98.04
D	97.84
L	98.28
S	98.04
S	98.29
W	98.73
T	98.68
A	98.65
A	98.51
D	98.32
T	98.29
A	98.2
A	98.45
Q	98.63
I	98.55
T	98.45
Q	98.61
R	98.63
K	98.41
W	98.5
E	98.42
A	98.42
A	98.34
R	98.32
V	98.49
A	98.45
E	98.26
Q	98.1
L	98.48
R	98.46
A	98.49
Y	98.35
L	98.54
E	98.07
G	98.26
E	98.14
C	98.59
V	98.51
E	98.45
W	98.52
L	98.7
R	98.37
R	98.3
Y	98.41
L	98.36
E	97.95
N	97.9
G	97.85
K	96.74
E	95.61
T	96.01
L	97.27
Q	95.89
R	96.22
A	97.82
D	98.25
P	98.45
P	98.57
K	98.59
T	98.59
H	98.24
V	98.57
T	98.38
H	98.2
H	97.67
P	96.85
I	95.59
S	95.75
D	94.43
H	95.87
E	97.19
A	97.61
T	98.17
L	98.42
R	98.55
C	98.61
W	98.74
A	98.76
L	98.74
G	98.44
F	98.76
Y	98.6
P	98.3
A	98.36
E	98.4
I	98.57
T	98.41
L	98.32
T	98.16
W	98.42
Q	98.17
R	97.74
D	96.76
G	94.1
E	96.53
D	96.31
Q	94.08
T	88.2
Q	85.83
D	86.23
T	95.94
E	97.58
L	97.84
V	98.01
E	98.34
T	98.55
R	98.57
P	98.29
A	98.14
G	96.77
D	96.5
R	95.7
T	98.49
F	98.79
Q	98.77
K	98.74
W	98.62
A	98.51
A	98.46
V	98.17
V	97.83
V	97.21
P	97.29
S	96.24
G	95.91
E	97.33
E	97.41
Q	97.46
R	97.65
Y	98.09
T	98.43
C	98.42
H	98.43
V	98.66
Q	98.59
H	98.64
E	97.41
G	97.33
L	98.16
P	97.37
K	97.74
P	98.07
L	98.3
T	98.41
L	98.15
R	97.59
W	97.38
E	95.1
P	89.72
