seq	RMSF_R1	RMSF_R2	RMSF_R3
G	0.56	0.237	0.377
S	0.492	0.16	0.324
H	0.408	0.122	0.267
S	0.356	0.104	0.232
M	0.269	0.086	0.178
R	0.239	0.08	0.18
Y	0.183	0.067	0.15
F	0.211	0.077	0.185
H	0.175	0.07	0.173
T	0.232	0.082	0.215
S	0.243	0.082	0.227
V	0.319	0.113	0.278
S	0.371	0.138	0.31
R	0.456	0.196	0.354
P	0.542	0.203	0.4
G	0.606	0.285	0.4
R	0.551	0.363	0.379
G	0.524	0.206	0.355
E	0.433	0.144	0.299
P	0.351	0.118	0.273
R	0.326	0.108	0.26
F	0.251	0.087	0.211
I	0.248	0.086	0.212
T	0.197	0.078	0.174
V	0.228	0.083	0.19
G	0.208	0.077	0.166
Y	0.277	0.091	0.205
V	0.307	0.098	0.21
D	0.389	0.117	0.269
D	0.429	0.127	0.312
T	0.381	0.115	0.293
L	0.322	0.106	0.246
F	0.271	0.095	0.208
V	0.235	0.087	0.182
R	0.251	0.09	0.198
F	0.254	0.09	0.2
D	0.302	0.1	0.236
S	0.328	0.106	0.246
D	0.401	0.134	0.3
A	0.409	0.153	0.303
A	0.477	0.197	0.348
S	0.458	0.194	0.317
P	0.396	0.16	0.296
R	0.343	0.137	0.239
E	0.276	0.112	0.2
E	0.31	0.112	0.223
P	0.292	0.104	0.222
R	0.33	0.112	0.257
A	0.334	0.114	0.254
P	0.36	0.125	0.278
W	0.318	0.115	0.239
I	0.268	0.107	0.203
E	0.326	0.138	0.259
Q	0.361	0.166	0.282
E	0.34	0.169	0.256
G	0.383	0.228	0.294
P	0.4	0.246	0.301
E	0.424	0.244	0.3
Y	0.34	0.177	0.24
W	0.291	0.136	0.219
D	0.372	0.195	0.255
R	0.359	0.186	0.234
E	0.26	0.125	0.176
T	0.29	0.126	0.197
Q	0.348	0.149	0.218
I	0.275	0.126	0.173
C	0.213	0.1	0.154
K	0.293	0.114	0.194
A	0.298	0.116	0.193
K	0.204	0.093	0.155
A	0.221	0.088	0.179
Q	0.291	0.105	0.214
T	0.252	0.1	0.204
D	0.188	0.083	0.195
R	0.255	0.094	0.229
E	0.29	0.109	0.252
D	0.243	0.099	0.243
L	0.258	0.094	0.255
R	0.326	0.119	0.289
T	0.323	0.134	0.3
L	0.322	0.132	0.305
L	0.378	0.143	0.332
R	0.42	0.18	0.36
Y	0.42	0.187	0.364
Y	0.458	0.182	0.386
N	0.506	0.217	0.415
Q	0.499	0.198	0.408
S	0.581	0.24	0.438
E	0.551	0.243	0.434
A	0.558	0.255	0.448
G	0.53	0.202	0.426
S	0.466	0.181	0.389
H	0.39	0.136	0.335
T	0.329	0.111	0.292
L	0.258	0.085	0.248
Q	0.246	0.083	0.228
N	0.201	0.071	0.199
M	0.227	0.079	0.197
Y	0.214	0.074	0.168
G	0.238	0.08	0.17
C	0.298	0.094	0.195
D	0.373	0.116	0.247
V	0.406	0.126	0.259
G	0.497	0.16	0.316
P	0.546	0.188	0.344
D	0.528	0.186	0.336
G	0.44	0.148	0.282
R	0.443	0.159	0.29
L	0.411	0.137	0.266
L	0.456	0.148	0.304
R	0.415	0.132	0.279
G	0.34	0.109	0.228
Y	0.305	0.1	0.222
H	0.255	0.087	0.201
Q	0.274	0.09	0.233
H	0.256	0.086	0.238
A	0.306	0.101	0.278
Y	0.322	0.104	0.296
D	0.396	0.139	0.347
G	0.437	0.164	0.369
K	0.416	0.148	0.363
D	0.386	0.138	0.343
Y	0.334	0.114	0.307
I	0.318	0.11	0.282
A	0.323	0.112	0.27
L	0.336	0.117	0.26
N	0.413	0.144	0.307
E	0.452	0.155	0.32
D	0.479	0.166	0.334
L	0.394	0.138	0.278
S	0.44	0.162	0.317
S	0.43	0.166	0.32
W	0.386	0.143	0.301
T	0.411	0.15	0.33
A	0.397	0.144	0.342
A	0.452	0.183	0.42
D	0.416	0.177	0.408
T	0.416	0.18	0.434
A	0.365	0.149	0.382
A	0.348	0.131	0.328
Q	0.399	0.158	0.36
I	0.388	0.16	0.355
T	0.332	0.136	0.306
Q	0.359	0.142	0.316
R	0.414	0.169	0.357
K	0.386	0.162	0.334
W	0.345	0.14	0.289
E	0.411	0.164	0.331
A	0.454	0.187	0.366
A	0.413	0.174	0.33
R	0.405	0.162	0.309
V	0.325	0.131	0.25
A	0.338	0.128	0.253
E	0.381	0.144	0.274
Q	0.324	0.129	0.232
L	0.272	0.107	0.195
R	0.334	0.121	0.228
A	0.335	0.123	0.224
Y	0.257	0.099	0.168
L	0.28	0.098	0.178
E	0.351	0.118	0.216
G	0.324	0.112	0.196
E	0.253	0.092	0.151
C	0.228	0.08	0.132
V	0.29	0.089	0.168
E	0.283	0.085	0.158
W	0.229	0.075	0.124
L	0.268	0.081	0.15
R	0.32	0.087	0.179
R	0.288	0.083	0.163
Y	0.28	0.084	0.162
L	0.346	0.099	0.205
E	0.363	0.103	0.216
N	0.339	0.105	0.208
G	0.372	0.114	0.232
K	0.423	0.123	0.277
E	0.425	0.138	0.328
T	0.436	0.12	0.308
L	0.42	0.132	0.275
Q	0.457	0.163	0.295
R	0.498	0.142	0.301
A	0.433	0.126	0.267
D	0.449	0.112	0.246
P	0.445	0.13	0.226
P	0.358	0.098	0.187
K	0.57	0.132	0.218
T	0.483	0.122	0.195
H	0.588	0.146	0.24
V	0.522	0.132	0.257
T	0.685	0.164	0.321
H	0.711	0.178	0.368
H	0.863	0.213	0.443
P	0.931	0.242	0.506
I	1.023	0.262	0.573
S	1.075	0.292	0.636
D	1.055	0.315	0.658
H	0.858	0.25	0.586
E	0.775	0.205	0.531
A	0.7	0.186	0.461
T	0.618	0.158	0.42
L	0.455	0.117	0.336
R	0.47	0.106	0.306
C	0.302	0.077	0.239
W	0.413	0.088	0.229
A	0.328	0.072	0.195
L	0.547	0.108	0.234
G	0.604	0.115	0.256
F	0.382	0.083	0.223
Y	0.418	0.096	0.266
P	0.502	0.134	0.307
A	0.621	0.156	0.339
E	0.666	0.181	0.361
I	0.507	0.15	0.303
T	0.596	0.178	0.334
L	0.429	0.13	0.302
T	0.561	0.16	0.37
W	0.548	0.157	0.368
Q	0.768	0.211	0.435
R	0.85	0.233	0.469
D	1.099	0.311	0.55
G	1.24	0.35	0.636
E	1.197	0.32	0.629
D	1.081	0.29	0.564
Q	0.903	0.238	0.509
T	0.985	0.265	0.52
Q	1.177	0.313	0.619
D	0.976	0.256	0.565
T	0.79	0.202	0.473
E	0.871	0.212	0.489
L	0.826	0.201	0.448
V	0.936	0.214	0.463
E	1.048	0.235	0.49
T	0.893	0.193	0.421
R	1.022	0.211	0.444
P	1.034	0.21	0.437
A	0.988	0.198	0.406
G	1.091	0.186	0.449
D	1.108	0.179	0.487
R	0.868	0.156	0.394
T	0.706	0.132	0.327
F	0.688	0.136	0.319
Q	0.649	0.126	0.299
K	0.613	0.127	0.316
W	0.526	0.109	0.304
A	0.496	0.115	0.333
A	0.536	0.125	0.371
V	0.561	0.136	0.416
V	0.64	0.155	0.468
V	0.544	0.148	0.457
P	0.621	0.183	0.51
S	0.654	0.2	0.492
G	0.737	0.223	0.49
E	0.678	0.203	0.456
E	0.595	0.171	0.394
Q	0.766	0.217	0.406
R	0.793	0.219	0.435
Y	0.601	0.172	0.376
T	0.609	0.18	0.34
C	0.425	0.137	0.28
H	0.549	0.165	0.304
V	0.418	0.138	0.249
Q	0.575	0.178	0.294
H	0.487	0.158	0.273
E	0.6	0.193	0.319
G	0.518	0.169	0.282
L	0.656	0.204	0.304
P	0.949	0.285	0.412
K	1.0	0.293	0.41
P	0.825	0.244	0.351
L	0.701	0.207	0.302
T	0.724	0.208	0.32
L	0.646	0.184	0.277
R	0.646	0.185	0.308
W	0.679	0.189	0.326
E	0.961	0.27	0.4
P	1.11	0.331	0.476
