seq	Neq_R1	Neq_R2	Neq_R3
G	1.0	1.0	1.0
S	1.0	1.0	1.0
H	1.67	1.413	1.425
S	1.001	1.0	1.0
M	1.0	1.0	1.0
R	1.0	1.0	1.0
Y	1.0	1.0	1.0
F	1.0	1.0	1.0
H	1.0	1.0	1.0
T	1.0	1.0	1.001
S	1.0	1.0	1.0
V	1.004	1.0	1.002
S	1.013	1.004	1.008
R	1.003	1.618	1.002
P	1.853	3.827	1.511
G	2.874	4.514	2.597
R	2.518	5.626	1.976
G	5.269	3.768	4.109
E	1.824	3.079	1.47
P	1.557	1.056	1.289
R	1.0	1.001	1.0
F	1.0	1.0	1.0
I	1.0	1.0	1.0
T	1.0	1.0	1.0
V	1.0	1.0	1.0
G	1.0	1.0	1.0
Y	1.0	1.0	1.0
V	1.006	1.003	1.007
D	1.0	1.0	1.0
D	2.733	2.788	2.103
T	1.095	1.089	1.321
L	1.085	1.075	1.057
F	1.001	1.0	1.001
V	1.018	1.005	1.012
R	1.001	1.0	1.004
F	1.0	1.0	1.0
D	1.0	1.0	1.0
S	1.075	1.031	1.011
D	1.312	1.562	1.415
A	2.928	1.746	2.602
A	2.15	1.047	1.213
S	3.915	1.881	1.821
P	2.851	1.924	1.154
R	1.278	1.105	1.609
E	2.001	1.188	1.536
E	1.0	1.0	1.002
P	1.009	1.002	1.023
R	1.001	1.0	1.002
A	1.041	1.019	1.058
P	1.052	1.014	1.034
W	1.014	1.0	1.008
I	1.706	1.111	1.095
E	1.403	1.086	1.022
Q	3.051	1.753	2.141
E	2.439	1.283	1.34
G	1.295	1.023	1.008
P	1.131	1.0	1.0
E	1.006	1.001	1.0
Y	1.0	1.0	1.0
W	1.0	1.0	1.0
D	1.0	1.0	1.0
R	1.0	1.0	1.0
E	1.0	1.0	1.0
T	1.0	1.0	1.0
Q	1.0	1.0	1.0
I	1.0	1.0	1.0
C	1.0	1.0	1.0
K	1.0	1.0	1.0
A	1.0	1.0	1.0
K	1.0	1.0	1.0
A	1.0	1.0	1.0
Q	1.0	1.0	1.0
T	1.0	1.0	1.0
D	1.0	1.0	1.0
R	1.0	1.0	1.0
E	1.0	1.0	1.0
D	1.0	1.0	1.0
L	1.0	1.0	1.0
R	1.0	1.0	1.0
T	1.0	1.0	1.0
L	1.0	1.0	1.0
L	1.0	1.0	1.0
R	1.0	1.0	1.0
Y	1.0	1.0	1.0
Y	1.0	1.0	1.0
N	1.96	1.0	1.0
Q	2.896	1.002	1.0
S	4.474	1.383	1.02
E	4.415	2.636	1.111
A	4.622	3.548	2.191
G	2.458	2.345	2.462
S	2.753	2.522	2.704
H	1.015	1.048	1.752
T	1.27	1.552	1.907
L	1.0	1.0	1.0
Q	1.0	1.0	1.0
N	1.0	1.0	1.0
M	1.94	1.71	1.877
Y	1.0	1.0	1.0
G	1.022	1.002	1.015
C	1.0	1.0	1.0
D	1.0	1.0	1.0
V	1.0	1.0	1.0
G	1.0	1.0	1.0
P	1.055	1.051	1.071
D	1.021	1.053	1.057
G	1.0	1.0	1.0
R	1.0	1.0	1.001
L	1.008	1.011	1.016
L	1.002	1.001	1.001
R	1.105	1.214	1.244
G	1.005	1.005	1.008
Y	1.0	1.0	1.0
H	1.0	1.0	1.0
Q	1.0	1.0	1.0
H	1.003	1.0	1.009
A	1.005	1.0	1.0
Y	1.701	1.826	1.747
D	1.181	1.042	1.012
G	1.212	1.037	1.004
K	1.185	1.034	1.0
D	1.179	1.147	1.236
Y	1.037	1.014	1.052
I	1.002	1.0	1.004
A	1.039	1.015	1.055
L	1.004	1.004	1.004
N	1.0	1.0	1.0
E	1.0	1.0	1.001
D	1.426	1.389	1.54
L	1.33	1.678	1.438
S	1.007	1.008	1.014
S	1.089	1.159	1.112
W	1.007	1.0	1.005
T	1.002	1.001	1.005
A	1.131	1.936	1.184
A	1.219	2.325	1.295
D	1.457	2.144	1.508
T	1.761	1.45	1.812
A	1.002	1.002	1.009
A	1.0	1.0	1.003
Q	1.0	1.0	1.001
I	1.0	1.0	1.0
T	1.0	1.0	1.0
Q	1.0	1.0	1.0
R	1.0	1.0	1.0
K	1.0	1.0	1.0
W	1.0	1.0	1.0
E	1.0	1.0	1.0
A	1.0	1.0	1.0
A	1.0	1.0	1.0
R	1.097	1.089	1.122
V	1.0	1.0	1.0
A	1.112	1.138	1.163
E	1.0	1.0	1.0
Q	1.0	1.0	1.0
L	1.0	1.0	1.0
R	1.0	1.0	1.0
A	1.0	1.0	1.0
Y	1.0	1.0	1.0
L	1.004	1.002	1.004
E	1.002	1.0	1.0
G	1.0	1.0	1.0
E	1.0	1.001	1.0
C	1.003	1.003	1.001
V	1.0	1.0	1.0
E	1.0	1.0	1.0
W	1.0	1.0	1.0
L	1.0	1.0	1.0
R	1.0	1.0	1.0
R	1.0	1.0	1.0
Y	1.0	1.0	1.0
L	1.0	1.0	1.0
E	1.0	1.0	1.0
N	2.001	1.119	1.752
G	1.126	1.001	1.108
K	1.187	1.0	1.009
E	1.611	1.016	1.045
T	2.159	1.013	1.635
L	2.771	1.003	1.017
Q	5.174	2.358	3.098
R	1.134	1.135	1.038
A	2.147	1.013	1.013
D	1.073	1.001	1.001
P	1.002	1.0	1.002
P	1.0	1.004	1.0
K	1.0	1.004	1.001
T	1.0	1.0	1.0
H	1.0	1.004	1.0
V	1.0	1.0	1.0
T	1.0	1.001	1.001
H	1.0	1.0	1.0
H	1.044	1.001	1.004
P	1.119	1.239	1.617
I	1.1	1.342	1.742
S	1.955	2.118	2.197
D	1.824	2.066	2.008
H	1.925	1.956	2.208
E	1.091	1.057	1.039
A	1.004	1.042	1.05
T	1.063	1.0	1.011
L	1.0	1.0	1.0
R	1.0	1.0	1.0
C	1.0	1.0	1.0
W	1.0	1.0	1.0
A	1.0	1.0	1.002
L	1.004	1.002	1.008
G	1.002	1.002	1.009
F	1.013	1.007	1.012
Y	1.304	1.223	1.3
P	1.004	1.004	1.007
A	1.073	1.074	1.062
E	1.179	1.201	1.156
I	1.006	1.004	1.006
T	1.036	1.038	1.034
L	1.0	1.002	1.002
T	1.0	1.0	1.0
W	1.008	1.005	1.029
Q	1.057	1.21	1.655
R	2.24	1.453	1.774
D	2.009	1.017	1.553
G	2.992	1.003	1.855
E	2.559	1.0	1.555
D	1.958	1.983	1.999
Q	1.181	1.044	1.19
T	1.241	1.074	1.26
Q	1.215	1.059	1.242
D	2.047	2.277	2.193
T	1.108	1.125	1.16
E	1.0	1.0	1.002
L	1.013	1.025	1.019
V	1.006	1.006	1.008
E	1.007	1.012	1.007
T	1.001	1.002	1.002
R	1.003	1.003	1.022
P	2.276	1.583	2.377
A	2.753	1.67	2.225
G	3.594	3.052	3.999
D	3.893	2.521	3.58
R	3.112	2.492	2.414
T	1.191	1.035	1.585
F	1.138	1.016	1.054
Q	1.0	1.0	1.075
K	1.0	1.0	1.0
W	1.0	1.0	1.0
A	1.0	1.0	1.0
A	1.0	1.0	1.0
V	1.0	1.0	1.0
V	1.0	1.0	1.0
V	1.006	1.01	1.008
P	1.0	1.0	1.0
S	1.0	1.0	1.0
G	1.282	1.394	1.419
E	1.013	1.007	1.018
E	1.003	1.0	1.001
Q	1.004	1.001	1.0
R	1.623	1.342	1.581
Y	1.009	1.031	1.016
T	1.0	1.0	1.0
C	1.0	1.0	1.0
H	1.0	1.0	1.0
V	1.002	1.001	1.0
Q	1.0	1.0	1.0
H	1.002	1.001	1.0
E	1.0	1.0	1.0
G	2.0	2.0	1.994
L	1.807	1.86	1.741
P	1.047	1.005	1.014
K	1.533	1.37	1.524
P	1.005	1.001	1.001
L	1.001	1.0	1.001
T	1.004	1.0	1.001
L	1.0	1.0	1.0
R	1.038	1.003	1.004
W	1.034	1.002	1.0
E	1.0	1.0	1.0
P	1.0	1.0	1.0
