UnP_seq	PDB_seq	PDB_num	CIF_num	UnP_num	gap	hetatm	corrected	no_fullbb	no_ca
G	G	1	1	1	0	0	0	0	0
S	S	2	2	2	0	0	0	0	0
H	H	3	3	3	0	0	0	0	0
S	S	4	4	4	0	0	0	0	0
M	M	5	5	5	0	0	0	0	0
R	R	6	6	6	0	0	0	0	0
Y	Y	7	7	7	0	0	0	0	0
F	F	8	8	8	0	0	0	0	0
H	H	9	9	9	0	0	0	0	0
T	T	10	10	10	0	0	0	0	0
S	S	11	11	11	0	0	0	0	0
V	V	12	12	12	0	0	0	0	0
S	S	13	13	13	0	0	0	0	0
R	R	14	14	14	0	0	0	0	0
P	P	15	15	15	0	0	0	0	0
G	G	16	16	16	0	0	0	0	0
R	R	17	17	17	0	0	0	0	0
G	G	18	18	18	0	0	0	0	0
E	E	19	19	19	0	0	0	0	0
P	P	20	20	20	0	0	0	0	0
R	R	21	21	21	0	0	0	0	0
F	F	22	22	22	0	0	0	0	0
I	I	23	23	23	0	0	0	0	0
T	T	24	24	24	0	0	0	0	0
V	V	25	25	25	0	0	0	0	0
G	G	26	26	26	0	0	0	0	0
Y	Y	27	27	27	0	0	0	0	0
V	V	28	28	28	0	0	0	0	0
D	D	29	29	29	0	0	0	0	0
D	D	30	30	30	0	0	0	0	0
T	T	31	31	31	0	0	0	0	0
L	L	32	32	32	0	0	0	0	0
F	F	33	33	33	0	0	0	0	0
V	V	34	34	34	0	0	0	0	0
R	R	35	35	35	0	0	0	0	0
F	F	36	36	36	0	0	0	0	0
D	D	37	37	37	0	0	0	0	0
S	S	38	38	38	0	0	0	0	0
D	D	39	39	39	0	0	0	0	0
A	A	40	40	40	0	0	0	0	0
A	A	41	41	41	0	0	0	0	0
S	S	42	42	42	0	0	0	0	0
P	P	43	43	43	0	0	0	0	0
R	R	44	44	44	0	0	0	0	0
E	E	45	45	45	0	0	0	0	0
E	E	46	46	46	0	0	0	0	0
P	P	47	47	47	0	0	0	0	0
R	R	48	48	48	0	0	0	0	0
A	A	49	49	49	0	0	0	0	0
P	P	50	50	50	0	0	0	0	0
W	W	51	51	51	0	0	0	0	0
I	I	52	52	52	0	0	0	0	0
E	E	53	53	53	0	0	0	0	0
Q	Q	54	54	54	0	0	0	0	0
E	E	55	55	55	0	0	0	0	0
G	G	56	56	56	0	0	0	0	0
P	P	57	57	57	0	0	0	0	0
E	E	58	58	58	0	0	0	0	0
Y	Y	59	59	59	0	0	0	0	0
W	W	60	60	60	0	0	0	0	0
D	D	61	61	61	0	0	0	0	0
R	R	62	62	62	0	0	0	0	0
E	E	63	63	63	0	0	0	0	0
T	T	64	64	64	0	0	0	0	0
Q	Q	65	65	65	0	0	0	0	0
I	I	66	66	66	0	0	0	0	0
C	C	67	67	67	0	0	0	0	0
K	K	68	68	68	0	0	0	0	0
A	A	69	69	69	0	0	0	0	0
K	K	70	70	70	0	0	0	0	0
A	A	71	71	71	0	0	0	0	0
Q	Q	72	72	72	0	0	0	0	0
T	T	73	73	73	0	0	0	0	0
D	D	74	74	74	0	0	0	0	0
R	R	75	75	75	0	0	0	0	0
E	E	76	76	76	0	0	0	0	0
D	D	77	77	77	0	0	0	0	0
L	L	78	78	78	0	0	0	0	0
R	R	79	79	79	0	0	0	0	0
T	T	80	80	80	0	0	0	0	0
L	L	81	81	81	0	0	0	0	0
L	L	82	82	82	0	0	0	0	0
R	R	83	83	83	0	0	0	0	0
Y	Y	84	84	84	0	0	0	0	0
Y	Y	85	85	85	0	0	0	0	0
N	N	86	86	86	0	0	0	0	0
Q	Q	87	87	87	0	0	0	0	0
S	S	88	88	88	0	0	0	0	0
E	E	89	89	89	0	0	0	0	0
A	A	90	90	90	0	0	0	0	0
G	G	91	91	91	0	0	0	0	0
S	S	92	92	92	0	0	0	0	0
H	H	93	93	93	0	0	0	0	0
T	T	94	94	94	0	0	0	0	0
L	L	95	95	95	0	0	0	0	0
Q	Q	96	96	96	0	0	0	0	0
N	N	97	97	97	0	0	0	0	0
M	M	98	98	98	0	0	0	0	0
Y	Y	99	99	99	0	0	0	0	0
G	G	100	100	100	0	0	0	0	0
C	C	101	101	101	0	0	0	0	0
D	D	102	102	102	0	0	0	0	0
V	V	103	103	103	0	0	0	0	0
G	G	104	104	104	0	0	0	0	0
P	P	105	105	105	0	0	0	0	0
D	D	106	106	106	0	0	0	0	0
G	G	107	107	107	0	0	0	0	0
R	R	108	108	108	0	0	0	0	0
L	L	109	109	109	0	0	0	0	0
L	L	110	110	110	0	0	0	0	0
R	R	111	111	111	0	0	0	0	0
G	G	112	112	112	0	0	0	0	0
Y	Y	113	113	113	0	0	0	0	0
H	H	114	114	114	0	0	0	0	0
Q	Q	115	115	115	0	0	0	0	0
H	H	116	116	116	0	0	0	0	0
A	A	117	117	117	0	0	0	0	0
Y	Y	118	118	118	0	0	0	0	0
D	D	119	119	119	0	0	0	0	0
G	G	120	120	120	0	0	0	0	0
K	K	121	121	121	0	0	0	0	0
D	D	122	122	122	0	0	0	0	0
Y	Y	123	123	123	0	0	0	0	0
I	I	124	124	124	0	0	0	0	0
A	A	125	125	125	0	0	0	0	0
L	L	126	126	126	0	0	0	0	0
N	N	127	127	127	0	0	0	0	0
E	E	128	128	128	0	0	0	0	0
D	D	129	129	129	0	0	0	0	0
L	L	130	130	130	0	0	0	0	0
S	S	131	131	131	0	0	0	0	0
S	S	132	132	132	0	0	0	0	0
W	W	133	133	133	0	0	0	0	0
T	T	134	134	134	0	0	0	0	0
A	A	135	135	135	0	0	0	0	0
A	A	136	136	136	0	0	0	0	0
D	D	137	137	137	0	0	0	0	0
T	T	138	138	138	0	0	0	0	0
A	A	139	139	139	0	0	0	0	0
A	A	140	140	140	0	0	0	0	0
Q	Q	141	141	141	0	0	0	0	0
I	I	142	142	142	0	0	0	0	0
T	T	143	143	143	0	0	0	0	0
Q	Q	144	144	144	0	0	0	0	0
R	R	145	145	145	0	0	0	0	0
K	K	146	146	146	0	0	0	0	0
W	W	147	147	147	0	0	0	0	0
E	E	148	148	148	0	0	0	0	0
A	A	149	149	149	0	0	0	0	0
A	A	150	150	150	0	0	0	0	0
R	R	151	151	151	0	0	0	0	0
V	V	152	152	152	0	0	0	0	0
A	A	153	153	153	0	0	0	0	0
E	E	154	154	154	0	0	0	0	0
Q	Q	155	155	155	0	0	0	0	0
L	L	156	156	156	0	0	0	0	0
R	R	157	157	157	0	0	0	0	0
A	A	158	158	158	0	0	0	0	0
Y	Y	159	159	159	0	0	0	0	0
L	L	160	160	160	0	0	0	0	0
E	E	161	161	161	0	0	0	0	0
G	G	162	162	162	0	0	0	0	0
E	E	163	163	163	0	0	0	0	0
C	C	164	164	164	0	0	0	0	0
V	V	165	165	165	0	0	0	0	0
E	E	166	166	166	0	0	0	0	0
W	W	167	167	167	0	0	0	0	0
L	L	168	168	168	0	0	0	0	0
R	R	169	169	169	0	0	0	0	0
R	R	170	170	170	0	0	0	0	0
Y	Y	171	171	171	0	0	0	0	0
L	L	172	172	172	0	0	0	0	0
E	E	173	173	173	0	0	0	0	0
N	N	174	174	174	0	0	0	0	0
G	G	175	175	175	0	0	0	0	0
K	K	176	176	176	0	0	0	0	0
E	E	177	177	177	0	0	0	0	0
T	T	178	178	178	0	0	0	0	0
L	L	179	179	179	0	0	0	0	0
Q	Q	180	180	180	0	0	0	0	0
R	R	181	181	181	0	0	0	0	0
A	A	182	182	182	0	0	0	0	0
D	D	183	183	183	0	0	0	0	0
P	P	184	184	184	0	0	0	0	0
P	P	185	185	185	0	0	0	0	0
K	K	186	186	186	0	0	0	0	0
T	T	187	187	187	0	0	0	0	0
H	H	188	188	188	0	0	0	0	0
V	V	189	189	189	0	0	0	0	0
T	T	190	190	190	0	0	0	0	0
H	H	191	191	191	0	0	0	0	0
H	H	192	192	192	0	0	0	0	0
P	P	193	193	193	0	0	0	0	0
I	I	194	194	194	0	0	0	0	0
S	S	195	195	195	0	0	0	0	0
D	D	196	196	196	0	0	0	0	0
H	H	197	197	197	0	0	0	0	0
E	E	198	198	198	0	0	0	0	0
A	A	199	199	199	0	0	0	0	0
T	T	200	200	200	0	0	0	0	0
L	L	201	201	201	0	0	0	0	0
R	R	202	202	202	0	0	0	0	0
C	C	203	203	203	0	0	0	0	0
W	W	204	204	204	0	0	0	0	0
A	A	205	205	205	0	0	0	0	0
L	L	206	206	206	0	0	0	0	0
G	G	207	207	207	0	0	0	0	0
F	F	208	208	208	0	0	0	0	0
Y	Y	209	209	209	0	0	0	0	0
P	P	210	210	210	0	0	0	0	0
A	A	211	211	211	0	0	0	0	0
E	E	212	212	212	0	0	0	0	0
I	I	213	213	213	0	0	0	0	0
T	T	214	214	214	0	0	0	0	0
L	L	215	215	215	0	0	0	0	0
T	T	216	216	216	0	0	0	0	0
W	W	217	217	217	0	0	0	0	0
Q	Q	218	218	218	0	0	0	0	0
R	R	219	219	219	0	0	0	0	0
D	D	220	220	220	0	0	0	0	0
G	G	221	221	221	0	0	0	0	0
E	E	222	222	222	0	0	0	0	0
D	D	223	223	223	0	0	0	0	0
Q	Q	224	224	224	0	0	0	0	0
T	T	225	225	225	0	0	0	0	0
Q	Q	226	226	226	0	0	0	0	0
D	D	227	227	227	0	0	0	0	0
T	T	228	228	228	0	0	0	0	0
E	E	229	229	229	0	0	0	0	0
L	L	230	230	230	0	0	0	0	0
V	V	231	231	231	0	0	0	0	0
E	E	232	232	232	0	0	0	0	0
T	T	233	233	233	0	0	0	0	0
R	R	234	234	234	0	0	0	0	0
P	P	235	235	235	0	0	0	0	0
A	A	236	236	236	0	0	0	0	0
G	G	237	237	237	0	0	0	0	0
D	D	238	238	238	0	0	0	0	0
R	R	239	239	239	0	0	0	0	0
T	T	240	240	240	0	0	0	0	0
F	F	241	241	241	0	0	0	0	0
Q	Q	242	242	242	0	0	0	0	0
K	K	243	243	243	0	0	0	0	0
W	W	244	244	244	0	0	0	0	0
A	A	245	245	245	0	0	0	0	0
A	A	246	246	246	0	0	0	0	0
V	V	247	247	247	0	0	0	0	0
V	V	248	248	248	0	0	0	0	0
V	V	249	249	249	0	0	0	0	0
P	P	250	250	250	0	0	0	0	0
S	S	251	251	251	0	0	0	0	0
G	G	252	252	252	0	0	0	0	0
E	E	253	253	253	0	0	0	0	0
E	E	254	254	254	0	0	0	0	0
Q	Q	255	255	255	0	0	0	0	0
R	R	256	256	256	0	0	0	0	0
Y	Y	257	257	257	0	0	0	0	0
T	T	258	258	258	0	0	0	0	0
C	C	259	259	259	0	0	0	0	0
H	H	260	260	260	0	0	0	0	0
V	V	261	261	261	0	0	0	0	0
Q	Q	262	262	262	0	0	0	0	0
H	H	263	263	263	0	0	0	0	0
E	E	264	264	264	0	0	0	0	0
G	G	265	265	265	0	0	0	0	0
L	L	266	266	266	0	0	0	0	0
P	P	267	267	267	0	0	0	0	0
K	K	268	268	268	0	0	0	0	0
P	P	269	269	269	0	0	0	0	0
L	L	270	270	270	0	0	0	0	0
T	T	271	271	271	0	0	0	0	0
L	L	272	272	272	0	0	0	0	0
R	R	273	273	273	0	0	0	0	0
W	W	274	274	274	0	0	0	0	0
E	E	275	275	275	0	0	0	0	0
P	P	276	276	276	0	0	0	0	0
